id,topic,category,tags,primary_keyword,secondary_keywords,editorial_status,publish_date,cta_link
1,Why Teaching African Languages Matters,Language Preservation,"African heritage, mother tongue, bilingual families, language loss, culture",why teach African languages,"benefits of bilingualism, cultural identity, heritage preservation",generated,2025-02-25,/books
2,The Importance of Teaching African Languages to Kids,Language Preservation,"African language learning, raising bilingual kids, cultural identity",raising bilingual kids,"bilingual parenting, language exposure, language benefits",generated,2025-02-26,/books
3,What Happens When a Language Dies?,Language Preservation,"language extinction, endangered languages, lost languages",African language extinction,"disappearing languages, why languages die, language preservation",generated,2025-02-27,/books
4,Raising Bilingual Kids: Why It’s Harder Than You Think,Parenting,"bilingual parenting, language struggles, second language learning",raising bilingual kids challenges,"language learning difficulties, bilingual child resistance, language exposure tips",generated,2025-02-28,/books
5,How Speaking an African Language Boosts Brain Development,Science & Research,"cognitive benefits, language learning research, child development",bilingualism brain benefits,"memory improvement, learning advantages, intelligence boost",generated,2025-03-01,/books
6,The Emotional Impact of Losing a Native Language,Language Preservation,"diaspora challenges, reconnecting with heritage, cultural loss",losing mother tongue,"language loss in diaspora, reconnecting with roots, cultural identity crisis",generated,2025-03-02,/books
7,African Languages in the Digital Age: Are They at Risk?,Language Preservation,"technology and language, future of languages, linguistic evolution",future of African languages,"digital language preservation, tech and language learning, African language apps",generated,2025-03-03,/books
8,The Biggest Struggles of African Diaspora Parents Teaching Their Language,Parenting,"diaspora parenting, bilingual struggles, heritage teaching",teaching African languages abroad,"bilingual challenges, parenting in diaspora, mother tongue difficulties",generated,2025-03-04,/books
9,Why It’s So Hard to Teach an African Language Abroad,Parenting,"diaspora families, language barriers, bilingual parenting",why is it hard to teach a native language,"language loss in diaspora, bilingual child resistance, heritage language difficulties",generated,2025-03-05,/books
10,How to Teach a Language When Your Partner Doesn’t Speak It,Parenting,"mixed-language households, bilingual challenges, family language planning",raising a bilingual child in a mixed-language home,"non-native speaker parenting, bilingual home strategies, family language planning",generated,2025-03-06,/books
11,Why African Diaspora Kids Feel Ashamed of Their Language,Identity & Culture,"bilingual identity, language shame, cultural heritage loss",why kids reject their native language,"cultural identity crisis, language bullying, heritage disconnect",generated,2025-03-07,/books
12,Balancing English and Mother Tongue: How Much of Each?,Parenting,"bilingual exposure, language balance, language dominance",how much should kids speak their native language,"bilingual exposure time, home language strategies, balanced bilingualism",generated,2025-03-08,/books
13,Practical Strategies for Teaching African Languages at Home,Language Learning,"bilingual parenting, home education, language immersion",how to teach a language at home,"bilingual education, raising multilingual kids, home learning",generated,2025-03-09,/books
14,The Best Bilingual Books for Teaching African Languages,Resources,"children’s books, bilingual learning, language books",best bilingual books for kids,"language books, African language books, educational resources",generated,2025-03-10,/books
15,How to Make African Language Learning a Daily Habit,Parenting,"home language exposure, language routines, consistency",how to practice a language daily,"bilingual family routines, daily language exposure, consistency in learning",generated,2025-03-11,/books
16,Using Music & Songs to Teach African Languages,Culture & Tradition,"music and language, language through songs, oral traditions",songs for language learning,"African lullabies, traditional music and learning, audio learning",generated,2025-03-12,/books
17,The Science Behind Bilingualism & African Languages,Science & Research,"neurolinguistics, bilingual cognition, academic research",how the brain learns languages,"multilingual brain, bilingual intelligence, cognitive science",generated,2025-03-13,/books
18,The “Critical Period” Theory: When is the Best Age to Learn?,Science & Research,"childhood development, second language acquisition, bilingual education",best age to learn a second language,"early language acquisition, language learning timing, childhood learning",generated,2025-03-14,/books
19,Does Learning Two Languages Delay Speech?,Science & Research,"speech development, bilingualism myths, language acquisition",bilingualism and speech delay,"impact of bilingualism on speech, language development concerns, debunking bilingual myths",generated,2025-03-15,/books
20,Inside My Family’s Bilingual Routine: A Day-by-Day Breakdown,Parenting,"daily routine, real-life case study, personal story",family bilingual routine,"day-by-day breakdown, real experiences, success and struggles",generated,2025-03-16,/books
21,My Biggest Mistakes Teaching My Kids an African Language (And How I Fixed Them),Parenting,"personal mistakes, teaching kids, failures and lessons",mistakes teaching African languages,"personal failures, how to fix language teaching, real improvements",generated,2025-03-17,/books
22,Raw & Unfiltered: When My Kids Flat-Out Refused to Speak Our Language,Parenting,"language refusal, personal stories, bilingual struggles",kids refusing mother tongue,"real talk, emotional meltdown, breakthroughs",generated,2025-03-18,/books
23,"Behind the Scenes of a “Family Language Immersion Weekend” (Real Footage, Real Fights, Real Wins)",Parenting,"immersion weekend, behind the scenes, raw experiences",language immersion weekend,"real fights, family synergy, outcome",generated,2025-03-19,/books
24,My 30-Day Challenge: Teaching 50 New Words in My African Language to My Child,Parenting,"challenge, language growth, measurable goals",teaching 50 new words,"30-day challenge, daily progress, real data",generated,2025-03-20,/books
25,When Culture Clashes: The Tensions Between Western Parenting Norms and African Language Preservation,Culture & Tradition,"culture clash, western norms, heritage conflict",preserving African language in Western context,"cross-cultural parenting, family tensions, real experiences",generated,2025-03-21,/books
26,The Tech Tools I Actually Use (And Those I Quit) to Teach an African Language,Resources,"tech tools, language apps, real reviews",best tools for African language,"personal review, success vs. fails, unbiased opinions",draft,2025-03-22,/books
27,From Zero to Fluent: A Guest Interview with an Adult Reclaiming Their African Heritage Language,Inspiration & Interviews,"adult learners, heritage reclaiming, personal journey",interview with adult heritage learner,"zero to fluent, personal transformation, diaspora story",draft,2025-03-23,/books
28,Exposing the “Perfect Bilingual Family” Myth: Why It’s Okay to Be Messy & Imperfect,Parenting,"real family, messy bilingualism, authenticity",myth of perfect bilingual family,"authenticity, real challenges, normalizing imperfection",draft,2025-03-24,/books
29,Confessions of a Busy Parent: How I Squeezed in Language Practice with Only 15 Minutes a Day,Parenting,"time management, quick language practice, real solutions",15-minute language practice,"busy schedule, micro-learning, real-life success",draft,2025-03-25,/books
30,Parenting Abroad: The Emotional Ties That Keep Our Mother Tongue Alive,Identity & Culture,"expat parenting, diaspora identity, emotional ties",keeping mother tongue alive abroad,"emotional connection, diaspora struggles, real success stories",draft,2025-03-26,/books
31,Teaching Teens vs. Teaching Toddlers: Real Experiences from the Trenches,Parenting,"teens language learning, toddler bilingualism, personal stories",teaching different age groups bilingual,"toddler vs teen strategies, personal approach, unique challenges",draft,2025-03-27,/books
32,Advanced Storytelling Techniques for African Folktales at Home,Culture & Tradition,"folktales, immersive storytelling, advanced techniques",teaching African folktales,"personal spin, creative language immersion, cultural depth",draft,2025-03-28,/books
33,The Day My Child Corrected My Grammar: A Funny Yet Powerful Lesson,Parenting,"personal anecdote, parent grammar mistakes, real lessons",child corrects parent's grammar,"humbling experience, bilingual family dynamics, personal reflection",draft,2025-03-29,/books
34,Navigating Heritage Pride & Embarrassment: Confessions from a Second-Gen Parent,Identity & Culture,"pride vs shame, second-generation experiences, personal confessions",heritage pride vs embarrassment,"raw emotions, cultural identity crises, diaspora reflections",draft,2025-03-30,/books
35,DIY Language Immersion Camp: How We Turned Our Home into a Mini Cultural Festival,Parenting,"home immersion, creative festival, personal approach",DIY language immersion camp,"fun activities, real family examples, cultural exposure",draft,2025-03-31,/books
36,"Using Real-Life Scenarios: How We Practice African Language at the Grocery Store, Doctor’s Office & Beyond",Language Learning,"practical approach, everyday language, real scenarios",practicing African language in daily tasks,"shopping dialogues, doctor visits, real examples",draft,2025-04-01,/books
37,The Sibling Factor: When One Child Embraces the Language and the Other Resists,Parenting,"sibling dynamics, bilingual family struggles, real contrast",sibling differences in language learning,"motivation tactics, personal frustration, practical solutions",draft,2025-04-02,/books
38,"Creating a ‘Language Bank’: Our Family’s Personal Database of Idioms, Slang & Proverbs",Resources,"family language bank, idioms and slang, personal resource",building a personal language bank,"African proverbs, cultural references, shared family asset",draft,2025-04-03,/books
39,Evolving Identity: Reflections on Watching My Kids Grow Up Bilingual (and Me Changing Too),Identity & Culture,"personal growth, bilingual identity, parent's transformation",parent reflection on bilingual kids,"emotional journey, identity evolution, real time perspective",draft,2025-04-04,/books
40,Bridging the Gap: Teaching African Slang to Connect Kids with Cousins Back Home,Language Learning,"family slang, diaspora connection, real experiences",teaching African slang,"cousin connection, bridging diaspora, real talk",draft,2025-04-05,/books
41,When My Child Prefers English: Balancing Emotions and Goals,Parenting,"child prefers English, bilingual frustration, real tips",child prefers English,"emotional balancing, motivation tactics, real experiences",draft,2025-04-06,/books
42,Hosting a Virtual African Culture Night with Extended Family Overseas,Culture & Tradition,"virtual culture night, diaspora bonding, real solutions",virtual African culture night,"extended family engagement, bridging distance, personal stories",draft,2025-04-07,/books
43,The Power of Code-Switching in Bilingual Households: Real Conversations,Parenting,"code-switching, bilingual families, real dialogue",code-switching in family life,"spontaneous language shifts, everyday examples, authenticity",draft,2025-04-08,/books
44,Tracing Tribal Roots: How My Heritage Discovery Strengthened Language Commitment,Identity & Culture,"tribal roots, heritage discovery, personal story",tribal heritage and language,"ancestry journey, deeper commitment, personal revelations",draft,2025-04-09,/books
45,"Dealing with Criticism: Yes, We Still Speak Our Mother Tongue",Parenting,"criticism, diaspora judgement, personal stance",defending mother tongue use,"family pushback, resilience, real experiences",draft,2025-04-10,/books
46,Three Generations Under One Roof: Balancing Elders’ Expectations and Kids’ Reality,Family & Community,"multigenerational home, bilingual dynamics, real conflicts",balancing elders and kids,"expectation gaps, cultural differences, personal insights",draft,2025-04-11,/books
47,Homecoming Trip to Africa: How My Kids Reacted to Full Immersion,Culture & Tradition,"homecoming trip, real immersion, family experience",kids experiencing full immersion,"culture shock, language breakthroughs, real stories",draft,2025-04-12,/books
48,Working with Bilingual Tutors: Lessons Learned from Hiring a Native Speaker Online,Resources,"bilingual tutor, online platforms, personal review",bilingual tutors online,"benefits, challenges, real outcomes",draft,2025-04-13,/books
49,Faith and Language: Incorporating African Heritage in Prayers & Religious Gatherings,Culture & Tradition,"faith, religious gatherings, language use",African language in faith settings,"spiritual dimension, real stories, unique vocabulary",draft,2025-04-14,/books
50,From Speaking to Writing: Our Attempt at African Language Essays & Storybooks,Language Learning,"writing skills, essay attempts, personal experiences",teaching writing in African language,"challenges, family approach, creative outcomes",draft,2025-04-15,/books
51,Teaching Kids Money Vocab in Two Languages: Our Multilingual Family Finance Lessons,Parenting,"money vocab, bilingual finances, practical tips",teaching financial words bilingually,"real-life tasks, allowances, budgeting practice",draft,2025-04-16,/books
52,Confronting Internalized Shame: My Journey to Embrace My Accent,Identity & Culture,"internalized shame, accent acceptance, personal growth",embracing African accent,"emotional struggles, confidence building, real triumph",draft,2025-04-17,/books
53,When Extended Family Doesn’t Support Teaching the Mother Tongue,Family & Community,"unsupportive relatives, generational conflicts, real stories",family disagreement over mother tongue,"tensions, personal reflections, coping strategies",draft,2025-04-18,/books
54,Proverbs & Idioms: Bringing Rich Cultural Context into Our Kids’ Lives,Culture & Tradition,"proverbs, idioms, cultural enrichment",teaching African proverbs to kids,"wisdom phrases, deeper language meaning, real examples",draft,2025-04-19,/books
55,Using Food & Cooking to Teach Vocabulary: Real Recipes and Traditions,Parenting,"food-based learning, cooking with kids, real traditions",cooking lessons in African language,"recipe vocab, cultural dishes, practical approach",draft,2025-04-20,/books
56,Navigating Dialects: When Our African Language Has Multiple Variations,Language Learning,"dialect confusion, multi-variation, real experiences",dealing with African dialects,"regional differences, family adaptation, bridging gaps",draft,2025-04-21,/books
57,Encouraging Older Kids to Journal in the Mother Tongue: My Daughter’s Diary Project,Parenting,"journaling, teen bilingualism, personal story",teens journaling in mother tongue,"writing practice, emotional expression, real feedback",draft,2025-04-22,/books
58,Language Exchange for Kids: Partnering with Families Abroad for Real Interaction,Resources,"kid-focused exchange, families abroad, personal experience",child language exchange,"international buddy system, real communication, cultural swap",draft,2025-04-23,/books
59,Overcoming Spelling Challenges in Non-Latin Scripts,Language Learning,"non-Latin scripts, spelling issues, real solutions",teaching children non-Latin orthography,"practical tips, personal hurdles, creative approaches",draft,2025-04-24,/books
60,My Toddler’s Hilarious Language Mashups: Embracing Imperfection,Parenting,"toddler talk, mixed languages, personal anecdotes",toddler bilingual mashups,"funny moments, learning process, stress-free approach",draft,2025-04-25,/books
61,Gamifying Grammar: Turning Verb Conjugation into a Family Contest,Language Learning,"gamified grammar, verb conjugation, family fun",family grammar contest,"points system, real success, entertaining approach",draft,2025-04-26,/books
62,The Language Purist Debate: Should I Correct My Kids Constantly?,Parenting,"language purism, correction debate, real thoughts",correcting kids’ language use,"pros and cons, emotional impact, balanced approach",draft,2025-04-27,/books
63,Integrating Cultural Games Like Mancala & Ampe for Language Practice,Culture & Tradition,"African games, cultural immersion, real fun",teaching African language via games,"hands-on approach, tradition meets learning, practical tips",draft,2025-04-28,/books
64,Hidden Roots: Spotting African Linguistic Influences in English Words,Language Preservation,"linguistic influences, hidden connections, personal insights",African roots in English,"culture exchange, diaspora perspective, examples",draft,2025-04-29,/books
65,Kids’ Online Forums in African Languages: Are They Safe & Effective?,Resources,"online forums, child safety, language practice",kids African language forums,"benefits, moderation, personal recommendations",draft,2025-04-30,/books
66,Volunteering Abroad: Teen Service Trips for Real-Language Exposure,Parenting,"teen volunteering, immersive trips, personal prep",teen service trips Africa,"hands-on learning, planning tips, cultural benefits",draft,2025-05-01,/books
67,Raising Polyglots: Our Journey Managing Three Languages at Once,Language Learning,"polyglot kids, multiple languages, real experience",raising trilingual children,"time allocation, daily strategies, family challenges",draft,2025-05-02,/books
68,Cracking the Reading Code: Teaching Unique Scripts & Characters,Language Learning,"reading in African scripts, unique alphabets, personal method",teaching reading in unique scripts,"phonetics, writing practice, real progress",draft,2025-05-03,/books
69,"Language Immersion Summer Camps: Pros, Cons, and Unexpected Adventures",Parenting,"immersion camps, summer learning, personal experience",African language summer camp,"social benefits, cost vs value, real stories",draft,2025-05-04,/books
70,Preparing for a Long Family Visit Back Home: Setting Language Goals & Handling Culture Shock,Culture & Tradition,"family visit, culture shock, language goals",preparing kids for home visit,"real tips, emotional readiness, practical planning",draft,2025-05-05,/books
71,Afro-Pop & Hip-Hop: Using Modern African Music to Spark Teens’ Interest,Culture & Tradition,"modern music, teen engagement, personal approach",teaching via Afro-pop & hip-hop,"lyrics analysis, real excitement, bridging generations",draft,2025-05-06,/books
72,Making Mistakes Publicly: Encouraging Kids to Speak Despite Fear,Parenting,"fear of mistakes, confidence building, personal solutions",overcoming fear of speaking,"family mindset, real strategies, supportive environment",draft,2025-05-07,/books
73,Partnering with Local African Restaurants: Our Taste & Talk Language Project,Language Learning,"taste & talk, restaurant visits, real approach",language practice at African restaurants,"menu vocab, social interaction, real success",draft,2025-05-08,/books
74,After-School Language Clubs: Building Community for Diaspora Kids,Family & Community,"after-school clubs, diaspora networks, real help",bilingual after-school programs,"organizing clubs, parent collaboration, success stories",draft,2025-05-09,/books
75,Handling Negative Comments Online: Why Bilingual Families Need Thick Skin,Parenting,"online negativity, bilingual family critics, personal thoughts",dealing with negativity online,"troll coping, family reassurance, authenticity",draft,2025-05-10,/books
76,Untranslatable Words: My Family’s Favorite African Terms & Why We Love Them,Language Preservation,"untranslatable words, family favorites, real meaning",favorite African terms,"cultural insight, personal bonding, unique expressions",draft,2025-05-11,/books
77,DIY Flashcards vs. Digital Apps: Which Worked Better for My Kids?,Resources,"flashcards vs apps, personal comparison, real results",best language learning method for kids,"tangible vs tech, family feedback, final verdict",draft,2025-05-12,/books
78,When Teachers Don’t Understand: Advocating for Bilingual Children in Mainstream Schools,Parenting,"school system, teacher ignorance, real advocacy",advocating bilingual kids at school,"IEPs, parent-teacher talks, success stories",draft,2025-05-13,/books
79,Intergenerational Calls: Using Video Chats with Grandparents as Language Lessons,Family & Community,"video chats, grandparents, personal method",grandparent language sessions,"scheduled calls, real bonding, consistent practice",draft,2025-05-14,/books
80,Navigating Social Media: Encouraging Teens to Create African Language Content,Parenting,"teen content creation, African language, real approach",teens creating mother tongue posts,"TikTok, Instagram Reels, authenticity, fun",draft,2025-05-15,/books
81,Mental Health & Language: Expressing Deep Feelings in the Mother Tongue,Identity & Culture,"mental health, emotional nuance, real discussions",expressing feelings in mother tongue,"therapeutic effect, personal experiences, deeper connection",draft,2025-05-16,/books
82,Raising Kids with Multiple African Languages: Our Challenges & Wins,Parenting,"multi-language, African dialects, real results",raising kids with multiple languages,"resource balancing, family strategies, triumphs",draft,2025-05-17,/books
83,Naming Ceremonies: The Story Behind My Children’s Traditional Names,Culture & Tradition,"naming ceremonies, personal backstory, real meaning",African naming traditions,"cultural identity, family heritage, significance",draft,2025-05-18,/books
84,Learning Through Dance: Incorporating African Dance & Drumming into Lessons,Culture & Tradition,"dance-based learning, drumming, real synergy",teaching language through dance,"kinaesthetic approach, fun routines, personal successes",draft,2025-05-19,/books
85,Disciplining in Two Languages: Emotional Nuances & Kids’ Reactions,Parenting,"discipline, bilingual parenting, real conflicts",disciplining across languages,"emotional subtleties, consistent approach, family reflections",draft,2025-05-20,/books
86,Cross-Continental Pen Pals: Our Real Exchange of Letters & Cultural Notes,Resources,"pen pals, cultural exchange, personal success",kids cross-continental pen pals,"handwritten letters, bonding, real families involved",draft,2025-05-21,/books
87,Language Inspiration from Ancestry DNA: Surprising Discoveries That Motivated Us,Identity & Culture,"ancestry DNA, heritage motivation, personal journey",ancestry DNA for language push,"unexpected results, renewed commitment, diaspora insights",draft,2025-05-22,/books
88,My Favorite Bilingual Podcasts for On-the-Go Families: Real Reviews,Resources,"bilingual podcasts, family on-the-go, personal review",bilingual podcast recommendations,"practical picks, commuting listens, genuine feedback",draft,2025-05-23,/books
89,Screen Time with a Purpose: Selecting Cartoons & Shows in African Languages,Parenting,"screen time, cartoon selection, real approach",cartoons in African languages,"entertainment meets education, personal picks, child feedback",draft,2025-05-24,/books
90,When Relatives Test My Kids: Handling Family Critiques with Grace,Family & Community,"extended family tests, critiques, personal perspective",relatives testing child language,"managing embarrassment, gentle corrections, real examples",draft,2025-05-25,/books
91,Being the Only African Language Speaker in the Neighborhood: Coping & Thriving,Parenting,"isolation, diaspora reality, personal coping",only African language family,"community outreach, self-reliance, success tips",draft,2025-05-26,/books
92,Story Circles: Monthly Gatherings to Share Folklore & Oral Traditions,Culture & Tradition,"story circles, folktales, group gatherings",hosting folklore nights,"family-friendly events, community building, real experiences",draft,2025-05-27,/books
93,Recording Oral Histories: Preserving Elders’ Stories for Future Generations,Language Preservation,"oral histories, elder interviews, real archiving",recording family heritage,"multimedia approach, personal significance, legacy",draft,2025-05-28,/books
94,Turning Mistakes into Memes: Using Humor to Encourage Language Participation,Parenting,"humor, language mistakes, personal method",memes for bilingual fun,"lighthearted approach, family bonding, real success",draft,2025-05-29,/books
95,Confessions of a Monolingual Spouse: My Partner’s Journey to Understand Our Culture,Family & Community,"monolingual spouse, cultural gap, personal story",spouse learning mother tongue,"real struggles, empathy building, family unity",draft,2025-05-30,/books
96,Empowering Teens to Create TikTok Reels in Their Native Language,Parenting,"teen creativity, TikTok reels, real examples",teen content in mother tongue,"viral potential, personal branding, language pride",draft,2025-05-31,/books
97,Moving Back Home: Our Reverse Culture Shock & Language Realities,Identity & Culture,"returning to Africa, reverse culture shock, personal reflection",moving back home diaspora,"kids’ reaction, readjustment, real outcomes",draft,2025-06-01,/books
98,When Baby #2 Picks Up the Language Faster: Surprising Sibling Dynamics,Parenting,"sibling rivalry, second child, real observations",baby #2 learns faster,"unexpected outcomes, older sibling motivation, personal story",draft,2025-06-02,/books
99,From Nursery Rhymes to Opera: The Musical Evolution of Our Family’s Language Journey,Culture & Tradition,"music evolution, family journey, personal progression",African language through music genres,"rhymes to advanced songs, child engagement, real timeline",draft,2025-06-03,/books
100,"Should We Homeschool for Language Immersion? Pros, Cons, Real Talk",Parenting,"homeschool, language immersion, real talk",homeschooling for language immersion,"benefits, drawbacks, personal experiences",draft,2025-06-04,/books
101,Single Parenting & Bilingual Goals: Overcoming Time Constraints,Parenting,"single parent, time management, bilingual goals",single parenting bilingual,"challenges, real tips, success stories",draft,2025-06-05,/books
102,Bringing African Nursery Rhymes to Life: Our Homemade Sing-Along Videos,Culture & Tradition,"nursery rhymes, sing-along, homemade videos",African nursery rhymes,"family production, creative approach, kids' engagement",draft,2025-06-06,/books
103,Telling Fairy Tales with a Twist: Merging African and Western Storylines,Language Learning,"fairy tales, cultural fusion, storytelling",merging African and Western tales,"hybrid narratives, child imagination, personal spin",draft,2025-06-07,/books
104,Organizing a Neighborhood Language Exchange: How We Found Fellow African Parents,Family & Community,"local community, language exchange, real strategy",finding diaspora neighbors,"flyers, social media groups, personal success",draft,2025-06-08,/books
105,Learning Math in Two Languages: Does It Help or Confuse My Child?,Parenting,"bilingual math, child education, real observations",teaching math bilingually,"cognitive effects, practical tips, success stories",draft,2025-06-09,/books
106,When Kids Want to Quit: Keeping Motivation Alive for Language Mastery,Parenting,"motivation slump, language burnout, real solutions",kids wanting to quit language,"reward systems, breaks, emotional support",draft,2025-06-10,/books
107,Mentoring Other Diaspora Families: How Sharing Our Journey Helped Us Grow,Family & Community,"mentorship, diaspora support, real connections",mentoring bilingual families,"community outreach, personal growth, reciprocal learning",draft,2025-06-11,/books
108,Fostering Language Pride Through Arts & Crafts Projects,Language Learning,"arts & crafts, kids' creativity, personal method",language pride via crafts,"labels, drawings, vocabulary building, fun approach",draft,2025-06-12,/books
109,Handling Mispronunciations: My Framework for Correcting Without Discouraging,Parenting,"mispronunciation, correction tactics, gentle feedback",correcting kids politely,"positive reinforcement, examples, real outcomes",draft,2025-06-13,/books
110,Bilingual Sleepovers: Encouraging Friends to Embrace Our Language at Home,Family & Community,"sleepovers, bilingual environment, real experiences",hosting bilingual sleepovers,"games, casual immersion, bridging friends",draft,2025-06-14,/books
111,"Language Rewards: Stickers, Badges, and Certificates (Do They Really Work?)",Parenting,"reward systems, kids motivation, real effectiveness",bilingual reward strategies,"incentives, child engagement, personal stories",draft,2025-06-15,/books
112,Shifting Between Formal and Casual Registers: Teaching Nuance to Tweens,Language Learning,"formal vs casual language, nuance, real practice",register switching in African languages,"polite forms, slang usage, tween-level tips",draft,2025-06-16,/books
113,Supporting Special Needs Children in Bilingual Homes: Our Personal Experience,Parenting,"special needs, speech therapy, personal journey",bilingual special needs support,"therapist collaboration, routines, success challenges",draft,2025-06-17,/books
114,Creating a Family Phrasebook: Collecting Common Expressions & Jokes,Resources,"family phrasebook, inside jokes, personal compilation",collaborative phrasebook creation,"shared doc, ongoing updates, real usage",draft,2025-06-18,/books
115,Finding Authentic African Toys & Learning Materials Online: My Go-To Stores,Resources,"African toys, learning materials, personal reviews",best shops for authentic resources,"online options, product highlights, budgeting tips",draft,2025-06-19,/books
116,Singing Our History: Teaching Kids Old War Songs & Victory Chants,Culture & Tradition,"historical songs, victory chants, cultural background",teaching African war songs,"context, respectful approach, child-friendly adaptation",draft,2025-06-20,/books
117,My Love-Hate Relationship with Language Apps: Balancing Screen Time & Real Talk,Language Learning,"language apps, screen time, personal balance",love-hate with language apps,"pros/cons, tips, daily limitations",draft,2025-06-21,/books
118,Family Book Club: Reading African Novels Together with Teens & Tweens,Parenting,"family book club, African literature, real discussions",African novel reading with kids,"plot reflections, cultural insights, bonding",draft,2025-06-22,/books
119,Talking About Race and Heritage: Using Our Language to Build Identity,Identity & Culture,"race discussions, heritage pride, personal approach",talking race in mother tongue,"safe environment, child identity, open dialogues",draft,2025-06-23,/books
120,Behind the Camera: Documenting Our Language Journey for Future Generations,Family & Community,"video logs, family documentaries, personal reflections",video documenting bilingual life,"editing tips, memory preservation, real feedback",draft,2025-06-24,/books
121,Cultural Faux Pas Abroad: Teaching Etiquette Alongside Language,Culture & Tradition,"etiquette, diaspora experiences, personal mistakes",teaching cultural etiquette,"dos and don'ts, comedic mishaps, child lessons",draft,2025-06-25,/books
122,Introducing Idiophones & Traditional Instruments: A Fun Path to Vocabulary Expansion,Language Learning,"idiophones, African instruments, new vocab",teaching with traditional instruments,"sound-based learning, naming objects, hands-on approach",draft,2025-06-26,/books
123,Hosting a Bilingual Talent Show: Empowering Kids to Perform in Two Languages,Parenting,"talent show, performance, personal success",bilingual family talent show,"planning, confidence building, cross-language acts",draft,2025-06-27,/books
124,My Kids’ Favorite Apps for Practicing African Languages: An Honest Review,Resources,"kids’ apps, personal opinions, real usage",favorite African language apps,"features, cost, child's perspective",draft,2025-06-28,/books
125,When French and an African Language Collide: Overcoming Cross-Linguistic Confusion,Language Learning,"French collision, African language, real confusion",cross-linguistic interference,"false friends, accent overlaps, practical solutions",draft,2025-06-29,/books
126,Translating Pop Culture References: A Family Experiment in Modern Terminology,Culture & Tradition,"pop culture, translation, fun family project",modern terminology in African language,"slang, social media references, teen input",draft,2025-06-30,/books
127,Preparing for College: Maintaining Mother Tongue Fluency Amid Academic Pressures,Parenting,"college prep, language retention, teen perspective",mother tongue in college,"time management, stress factors, creative solutions",draft,2025-07-01,/books
128,Daily Affirmations: Building Self-Esteem in the Mother Tongue,Identity & Culture,"affirmations, self-esteem, personal family practice",positive affirmations in African language,"morning routine, child confidence, real impact",draft,2025-07-02,/books
129,Translating Tech: Teaching Kids African Language Terms for Gadgets & Devices,Language Learning,"tech vocab, gadgets, personal approach",teaching technology words,"practical daily usage, phone, computer, new lingo",draft,2025-07-03,/books
130,Speech Therapy Insights: How Professionals Support Multilingual Families,Parenting,"speech therapy, professional guidance, personal stories",speech therapy for multilingual kids,"tips, cooperation, real outcomes",draft,2025-07-04,/books
131,Fables & Morals: Spicing Up Bedtime with African Animal Tales,Culture & Tradition,"fables, bedtime stories, moral lessons",telling African animal tales,"family discussions, creativity, ethic building",draft,2025-07-05,/books
132,Finding Language Mentors in Local Colleges: Collaborating with African Student Groups,Resources,"college mentors, local resources, real experiences",African student group collaboration,"networking, volunteer tutoring, cultural exchange",draft,2025-07-06,/books
133,Bilingual Teens and Friendships: Does Language Impact Their Social Circle?,Parenting,"teen friendships, social circle, personal insights",bilingual teen social life,"peer acceptance, bridging language gaps, real stories",draft,2025-07-07,/books
134,From Clapping Rhymes to Hand Games: Traditional African Kids’ Activities Translated,Culture & Tradition,"clapping games, hand games, translations",translating African kids' activities,"schoolyard fun, cultural continuity, personal adaptation",draft,2025-07-08,/books
135,The Reality of Translanguaging: Mixing Languages Without Losing Fluency,Language Learning,"translanguaging, code-mixing, personal experiences",mixing languages effectively,"educational debate, real family approach, outcome",draft,2025-07-09,/books
136,Passing Down Herbal Knowledge: Teaching Traditional Remedies in Our Language,Culture & Tradition,"herbal remedies, traditional knowledge, personal stories",teaching cultural medicine terms,"plants, health tips, bridging modern & traditional",draft,2025-07-10,/books
137,Bilingual in Public School: Adapting Homework & Projects for Cultural Relevance,Parenting,"school assignments, cultural spin, personal approach",adapting homework for mother tongue,"teacher cooperation, real examples, improved engagement",draft,2025-07-11,/books
138,How Financial Literacy Activities Expand Vocab: Personal Budgeting in Two Languages,Language Learning,"financial literacy, budgeting, real approach",bilingual money discussions,"allowances, expenses, new terms, child empowerment",draft,2025-07-12,/books
139,Storytelling Through Text Messages: Letting Older Kids Practice Written Chats,Parenting,"text-based practice, older kids, personal method",text message storytelling,"emoji usage, creative writing, real feedback",draft,2025-07-13,/books
140,Navigating Gendered Nouns (If Any): Teaching Kids Language Structures Without Confusion,Language Learning,"gendered nouns, grammar structures, personal approach",teaching noun classes/gender,"flashcards, memory hooks, consistent practice",draft,2025-07-14,/books
141,Empathy & Language: Encouraging Emotional Expression Beyond ‘I’m Fine’,Parenting,"empathy building, emotional vocabulary, real tips",emotional expression in mother tongue,"feeling words, deeper conversation, child well-being",draft,2025-07-15,/books
142,Working Parents’ Blues: Fitting Language Exposure into Packed Schedules,Parenting,"busy schedule, working parents, real routine",fitting bilingual exposure,"car rides, dinner talk, micro-moments",draft,2025-07-16,/books
143,Capturing Folklore in Comics: Visual Storytelling for Visual Learners,Culture & Tradition,"comics, visual learning, folklore adaptation",African folklore as comics,"artistic approach, kids involvement, real examples",draft,2025-07-17,/books
144,Cultural Fashion Shows: Using Traditional Attire to Spark Curiosity in Younger Kids,Family & Community,"traditional attire, kid interest, personal event",hosting mini fashion show,"dress explanations, language integration, real reactions",draft,2025-07-18,/books
145,Teaching Grandparents Tech: Encouraging Them to Text & Video Chat in the Mother Tongue,Family & Community,"grandparents, tech adoption, real experiences",grandparents texting mother tongue,"tutorials, bridging generation gap, personal joy",draft,2025-07-19,/books
146,Penmanship Practice: Teaching Script or Cursive in African Languages,Language Learning,"penmanship, cursive, script practice",script writing in mother tongue,"fine motor skills, sample alphabets, family journaling",draft,2025-07-20,/books
147,Coding & Culture: Building a Simple App with Bilingual Instructions,Resources,"coding, kids programming, bilingual instructions",simple coding project for kids,"Scratch or block coding, African language prompts, real outcome",draft,2025-07-21,/books
148,Cultural Etiquette at Weddings & Funerals: Preparing Teens for Big Family Gatherings,Culture & Tradition,"weddings, funerals, etiquette, personal guide",teen readiness for cultural events,"dress codes, respectful greetings, practical examples",draft,2025-07-22,/books
149,Navigating Colorful Insults & Slang: Teaching Appropriateness vs. Expression,Parenting,"insults, slang, appropriateness, personal approach",colorful language in African tongues,"youth curiosity, boundaries, respectful usage",draft,2025-07-23,/books
150,Storyboarding: Creating Simple Animation Clips to Teach Conversational Phrases,Language Learning,"animation, storyboarding, conversation practice",teaching kids through animation clips,"DIY cartoons, short dialogues, tech tools",draft,2025-07-24,/books
151,Harmonizing Song Lyrics: Writing Our Family’s Bilingual Anthem,Culture & Tradition,"family anthem, songwriting, bilingual creativity",creating a bilingual family song,"music composition, synergy, memorable tradition",draft,2025-07-25,/books
152,Hosting a Multi-Family Potluck: Swapping Traditional Recipes & Language Tips,Family & Community,"potluck, multi-family event, real exchange",bilingual cultural potluck,"shared dishes, new vocab, group bonding",draft,2025-07-26,/books
153,The Men in the Family: Encouraging Fathers & Uncles to Take Language Lead,Parenting,"father involvement, uncles, personal initiative",male role models in language teaching,"breaking stereotypes, real impact, success stories",draft,2025-07-27,/books
154,Tracking Progress: Creating Language Milestone Charts for Different Ages,Resources,"milestone charts, progress tracking, personal data",bilingual development benchmarks,"visual aids, motivation, cross-age comparison",draft,2025-07-28,/books
155,Translating Children’s Songs from English to Our African Tongue: Challenges & Joys,Language Learning,"song translation, children’s music, personal fun",translating English kids’ songs,"syllable matching, cultural adaptation, comedic moments",draft,2025-07-29,/books
156,Scripting Phone Calls: Teaching Kids Formal & Informal Greetings for Real Situations,Parenting,"phone call practice, greetings, real usage",formal vs informal phone talk,"confidence boost, role-play, successful calls",draft,2025-07-30,/books
157,Kid-Run ‘Restaurant’: A Language Simulation Game for Ordering & Serving,Language Learning,"role-play game, language simulation, personal fun",kids run restaurant scenario,"menus, dialogues, currency, lively practice",draft,2025-07-31,/books
158,Public Announcements: Encouraging Older Kids to Emcee Family Events in the Mother Tongue,Parenting,"public speaking, teen emcee, personal growth",emceeing in African language,"confidence, scripting, positive feedback",draft,2025-08-01,/books
159,When Parents Disagree on Language Strategy: Finding Common Ground,Family & Community,"parent disagreement, language approach, real compromise",aligning bilingual parenting strategies,"communication, shared goals, resolving conflicts",draft,2025-08-02,/books
160,Cultural Geography: Teaching Kids About Their Ancestral Regions & Landscapes,Culture & Tradition,"cultural geography, ancestral lands, personal ties",introducing African regions to kids,"maps, environment, travel aspirations, real stories",draft,2025-08-03,/books
161,Working with Speech-Language Pathologists Specialized in African Languages,Resources,"speech pathologist, specialization, personal review",African language speech therapy,"finding experts, real results, unique challenges",draft,2025-08-04,/books
162,"Balancing Multiple Alphabet Systems: How We Juggle Latin, Arabic Scripts, and More",Language Learning,"multiple scripts, Latin, Arabic, real approach",teaching multiple writing systems,"phonics comparisons, spaced repetition, success stories",draft,2025-08-05,/books
163,Encouraging Self-Study in Teens: Setting Up Their Own Language Goals & Trackers,Parenting,"teen independence, goal setting, real tips",self-study language trackers,"motivation, personal accountability, real progress",draft,2025-08-06,/books
164,Dads & Daughters: Strengthening Bonds Through Shared Language Projects,Family & Community,"father-daughter, bonding, personal experiences",shared bilingual projects,"DIY crafts, story co-creation, emotional connection",draft,2025-08-07,/books
165,The Role of Dancehall and Afrobeat in Expanding Vocabulary for Older Kids,Culture & Tradition,"dancehall, afrobeat, teen culture, personal interest",music-driven vocab growth,"lyrics comprehension, slang learning, real engagement",draft,2025-08-08,/books
166,Collaborating with Libraries: Securing More African Language Books in the Community,Family & Community,"library outreach, building collections, personal initiative",advocating African language in libraries,"petitions, local programs, success tips",draft,2025-08-09,/books
167,Emotional Fluency: Teaching Kids to Name Their Feelings in Our Mother Tongue,Parenting,"emotional vocabulary, mental wellness, real talk",naming feelings in mother tongue,"anger, joy, frustration, deeper connection",draft,2025-08-10,/books
168,Documenting Slang Evolution: Keeping Track of Modern Youth Expressions,Language Learning,"slang evolution, youth culture, personal observation",modern African youth slang,"ever-changing phrases, generational gap, lively updates",draft,2025-08-11,/books
169,Dual-Language Science Experiments: Simple Home Labs with Bilingual Instructions,Parenting,"home labs, science experiments, real examples",bilingual science instructions,"supplies, fun tests, vocabulary expansions",draft,2025-08-12,/books
170,Building Confidence in Shy Kids: Language Games That Reduce Anxiety,Parenting,"shy kids, anxiety reduction, game-based learning",confidence-building bilingual games,"charades, guessing games, safe environment",draft,2025-08-13,/books
171,Spotlight on Proverbs: Holding Weekly ‘Quote Discussions’ to Deepen Cultural Understanding,Culture & Tradition,"weekly proverbs, quote discussion, family bonding",proverb-centered family talks,"moral lessons, reflections, shared insights",draft,2025-08-14,/books
172,Addressing Taboo Topics: How We Talk About Sensitive Issues in the Mother Tongue,Parenting,"taboo topics, sensitive discussions, personal approach",open communication in African language,"body changes, relationships, respectful words",draft,2025-08-15,/books
173,Career Day Fun: Encouraging Kids to Present Future Job Dreams in Our Language,Parenting,"career day, aspiration, language practice",children’s career presentations,"role-play, advanced vocab, real encouragement",draft,2025-08-16,/books
174,Building a Family Curriculum: Mapping Out Themes & Goals for Each Quarter,Resources,"family curriculum, structured plan, personal method",quarterly bilingual goals,"thematic approach, measurable targets, real routine",draft,2025-08-17,/books
175,The Tech Divide: Helping Grandparents & Kids Co-Create Family Language Videos,Family & Community,"tech gap, cross-generational, personal stories",grandparents-kids video collaboration,"editing basics, bridging ages, cultural memory",draft,2025-08-18,/books
176,Infusing Family Traditions into the School Calendar: Festivals & Celebrations in Two Languages,Culture & Tradition,"traditions, school calendar, bilingual celebrations",making school events bilingual,"show-and-tell, special days, bridging cultures",draft,2025-08-19,/books
177,Secret Codes & Ciphers: Turning Vocabulary into Fun Spy Games,Language Learning,"spy games, ciphers, puzzle approach",bilingual secret codes,"childlike intrigue, hidden messages, creative learning",draft,2025-08-20,/books
178,When Kids Ask ‘Why Our Language?’: Explaining Heritage & Identity Purposefully,Parenting,"kids curiosity, heritage explanation, personal approach",justifying mother tongue importance,"family stories, emotional ties, clarity",draft,2025-08-21,/books
179,Food Truck Adventures: Ordering & Chatting in African Language With Local Vendors,Culture & Tradition,"food truck, local vendors, immersive practice",outdoor bilingual experiences,"street food vocab, real dialogue, casual approach",draft,2025-08-22,/books
180,"Teaching Respectful Language Use: Elders, Bosses, and Authority Figures",Culture & Tradition,"respectful forms, authority figures, real dialogues",honorifics in African languages,"polite greetings, correct pronouns, cultural context",draft,2025-08-23,/books
181,Translating Favorite Movies’ Subtitles: A Group Project for Teens,Language Learning,"subtitles, teen project, personal involvement",translating movie dialogue,"collaborative effort, accuracy checks, fun outcome",draft,2025-08-24,/books
182,Dance Circles: Hosting Monthly Afro-Fusion Sessions for Language & Movement,Culture & Tradition,"dance circles, Afro-fusion, monthly sessions",language learning through dance,"steps naming, cultural connections, energy booster",draft,2025-08-25,/books
183,Creating a Bilingual Dictionary for Extended Family: Simple Definitions & Photos,Resources,"family dictionary, personal creation, reference tool",bilingual dictionary for relatives,"photo-based entries, child-friendly, real usage",draft,2025-08-26,/books
184,Challenges of Raising Bilingual Twins: Double the Fun or Double the Stress?,Parenting,"twins, bilingual upbringing, real challenges",raising bilingual twins,"coordinated learning, sibling synergy, personal anecdotes",draft,2025-08-27,/books
185,Unpacking Microaggressions: Equipping Kids with Language to Respond Respectfully,Identity & Culture,"microaggressions, diaspora kids, real coping",language to handle bias,"polite retorts, emotional intelligence, real examples",draft,2025-08-28,/books
186,Heritage vs. Modern Dialects: Adapting to Rapid Urban Language Changes,Language Learning,"heritage dialect, urban adaptation, personal stories",coping with changing language,"slang updates, generational shifts, local input",draft,2025-08-29,/books
187,Art Therapy Sessions in the Mother Tongue: Painting Emotions & Telling Stories,Parenting,"art therapy, emotional expression, personal practice",mother tongue in art therapy,"color symbolism, calm environment, child-led creation",draft,2025-08-30,/books
188,Summer Jobs & Language Skills: Encouraging Teens to Use Their Bilingual Edge,Parenting,"teen summer jobs, bilingual advantage, real advice",bilingual teens in workforce,"local businesses, resume boost, personal success",draft,2025-08-31,/books
189,Language ‘Retreats’: Short Weekend Getaways Focused on Immersion & Bonding,Family & Community,"weekend retreat, immersion focus, family bonding",language retreats with kids,"planning tips, outdoors activity, real outcomes",draft,2025-09-01,/books
190,The Influence of Afro-Cinema: How African Films Sparked My Kids’ Language Curiosity,Culture & Tradition,"African cinema, film influence, personal reflection",introducing kids to African films,"plot discussions, cultural context, language listening",draft,2025-09-02,/books
191,Comic Book Creation: Collaborating with Artistic Teens to Build Bilingual Stories,Language Learning,"comic creation, teen artists, personal approach",bilingual comic strip project,"characters, dialogues, publishing online",draft,2025-09-03,/books
192,Overcoming Generational Trauma: How Language Reconnection Helped Heal Old Wounds,Identity & Culture,"generational trauma, healing, personal journey",language reconnection therapy,"emotional narratives, bridging past, deeper bonding",draft,2025-09-04,/books
193,Organizing a Local ‘African Language Fair’: Showcasing Multiple Dialects & Cultures,Family & Community,"language fair, local event, real examples",African dialect showcase,"booths, demonstrations, community building",draft,2025-09-05,/books
194,Musical Instruments Glossary: Teaching Kids Names & History of African Drums & Strings,Resources,"instruments glossary, drum names, personal approach",African drums and strings vocab,"historical notes, cultural roots, hands-on learning",draft,2025-09-06,/books
195,Language Confessions: Interviewing My Parents About Their Own Bilingual Struggles,Family & Community,"parent interview, personal family history, bilingual struggles",family language confessions,"old memories, real talk, generational empathy",draft,2025-09-07,/books
196,Incorporating Proverbs into Our Daily Meals: Table Talk to Spark Curiosity,Culture & Tradition,"table talk, proverbs at meals, personal tradition",daily proverb conversation,"dinner-time discussion, moral lessons, child input",draft,2025-09-08,/books
197,When Relatives Speak Different African Dialects: Finding a Common Linguistic Ground,Family & Community,"relatives, multiple dialects, bridging approach",common ground in African dialects,"code-switching, creative compromise, real stories",draft,2025-09-09,/books
198,Aromas & Vocab: Using Essential Oils & Incense to Teach Descriptive Language,Language Learning,"aromas, sensory learning, creative vocab",teaching descriptive language via scents,"spicy, sweet, pungent, child curiosity, real demos",draft,2025-09-10,/books
199,Cheering in Two Languages: Sports Events as a Fun Way to Practice & Bond,Parenting,"sports events, cheering bilingual, personal tactic",bilingual cheering with kids,"team spirit, phrases, real excitement, family bonding",draft,2025-09-11,/books
200,Annoying My Kids with ‘Speak Up!’: Why Constant Reminders Actually Worked for Us,Parenting,"constant reminders, daily push, personal perspective",pushing kids to speak mother tongue,"tough love, consistency, real turning point",draft,2025-09-12,/books
201,Embracing Home Remedies: Teaching Cultural Health Practices Alongside Everyday Words,Culture & Tradition,"home remedies, cultural health, personal approach",African health practices at home,"family tradition, vocabulary extension, real healing stories",draft,2025-09-13,/books
